id,nom,age,ville
1,Catherine,24,Dias
2,Gilles,21,Ledoux-la-Forêt
3,William,28,Sauvagedan
4,Margaret,25,Robin-les-Bains
5,Noël,22,Maréchal
6,Charlotte,24,Jourdan-sur-Mer
7,François,27,Chauvin
8,Jacques,20,Fouquet-la-Forêt
9,Raymond,24,Saint Théodoredan
10,Alfred,28,LaineBourg
11,Anaïs,28,Saint François
12,Josette,25,Delmas
13,Hugues,22,Mendèsdan
14,Marine,21,Sainte Frédérique
15,Nicolas,25,Saint Thibaut
16,Valentine,25,Saint Élise
17,Michel,20,Moreno-les-Bains
18,Bernard,23,Laporte
19,François,22,Saint André
20,Agnès,19,Leduc
21,Robert,25,Carredan
22,Philippe,29,Petit
23,Michèle,23,Schneider
24,Louis,19,BertrandBourg
25,René,29,Hamel-les-Bains
26,Gilbert,22,Maréchal
27,Lucas,18,Godard-sur-Charpentier
28,Maryse,29,Duvaldan
29,Pierre,27,Bodin
30,Mathilde,23,Saint Célina
31,Michelle,29,Dupont
32,Émilie,26,JourdanVille
33,Christelle,18,Leleu-sur-Vasseur
34,Georges,28,Saint Josette
35,Clémence,28,Langlois
36,Édith,27,Legrand
37,Laure,29,Sainte Martine
38,Laurent,29,GrosVille
39,Stéphane,20,Richard-les-Bains
40,Zacharie,29,Toussaint
41,Martine,24,Pascal
42,Claire,21,Saint Tristan-la-Forêt
43,Corinne,26,GoncalvesVille
44,Laurent,20,Peron
45,Valentine,22,Ferrand
46,Michèle,20,Perrot
47,Gabriel,24,Philippe-la-Forêt
48,Jacqueline,22,Guérin
49,Hugues,26,Clément
50,Victoire,24,Dupré
51,Laetitia,19,Pelletier
52,Benoît,21,MarquesVille
53,Édith,26,Joseph-les-Bains
54,Martin,29,Gillet
55,Alexandrie,19,Fernandes
56,Laure,27,PonsBourg
57,Josette,26,Legrosboeuf
58,Étienne,27,Marques
59,Frédéric,22,Cousin-sur-Chevallier
60,Thibaut,19,Sainte Sabine
61,Vincent,21,Delahaye
62,Nathalie,29,Raynauddan
63,Denise,29,Brunet
64,Monique,24,Sainte Bertrand
65,Raymond,29,BourdonBourg
66,Luc,25,PichonBourg
67,Célina,20,Dupuis
68,Hugues,18,Roux
69,Juliette,21,Saint Victoire-les-Bains
70,Christiane,19,Dumas-les-Bains
71,Gilbert,25,Dupuis
72,Suzanne,21,Guérin-la-Forêt
73,Aurore,19,Sainte Anneboeuf
74,Thibaut,23,Saint Daniel
75,Élise,23,Pascal
76,Bernard,27,Boyer-la-Forêt
77,Catherine,21,Laine
78,Dominique,23,Sainte Véronique
79,Alexandre,19,Saint Valérie
80,Alix,27,Marie
81,Agathe,29,Carre
82,Franck,19,Gomez
83,Tristan,27,Techer
84,Yves,21,Sainte Lorraine-les-Bains
85,Thierry,25,Delattre-sur-Mer
86,Lorraine,24,RoussetBourg
87,Émilie,29,Julien-sur-Mer
88,Honoré,26,Collet
89,Patricia,25,Benoit
90,William,22,Sainte Diane
91,Aurélie,19,Benard-sur-Mer
92,Laurence,22,Sainte Élisedan
93,Capucine,25,Raynaud-sur-Dupont
94,Thierry,27,Legrand
95,Gilles,26,Saint Alex
96,Léon,29,Cousin
97,Mathilde,29,Toussaint
98,Thomas,29,Pineau-sur-Legros
99,Agnès,26,Meunier
100,Alice,18,Meunier-sur-Marchand
101,Léon,26,Perrier
102,Arthur,24,Charles-sur-Camus
103,Noémi,26,Duvalnec
104,Nath,25,GuyotBourg
105,Alexandria,18,Martel-les-Bains
106,Guy,29,Dumas-sur-Mer
107,Victoire,25,Laurent
108,Bertrand,25,Antoinedan
109,Nicolas,28,Moreno
110,Caroline,20,Duhamel-la-Forêt
111,Chantal,18,Lejeune
112,Henri,25,Morin
113,Inès,20,Saint Michèle
114,Léon,20,Gillet
115,Marie,18,Maury
116,Roger,28,Marty
117,Audrey,22,Samson
118,Hélène,27,Sainte Thérèse-sur-Mer
119,Alfred,24,Sainte Tristandan
120,Pénélope,27,Saint Antoineboeuf
121,David,26,Couturier
122,David,29,Sainte MarcelVille
123,Maggie,24,Perrin
124,Marthe,26,Prévost
125,Michel,25,CarlierVille
126,Marianne,29,JourdanVille
127,Roger,19,Millet-la-Forêt
128,Isaac,18,JacquesVille
129,Grégoire,24,BoyerVille
130,Olivier,24,Neveu
131,Margaux,25,Boucher
132,Martine,22,Hamondan
133,Hortense,20,Giraudboeuf
134,Agathe,29,Legrand-sur-Rousseau
135,Monique,25,Verdier-sur-Fernandes
136,Nath,23,Perret-sur-Delorme
137,Timothée,28,Saint Tristan-la-Forêt
138,Thibaut,20,Allard
139,Nathalie,18,Allain
140,Cécile,20,Blanchetnec
141,Renée,22,Rey-la-Forêt
142,Denise,20,Saint Margaret-sur-Mer
143,Isabelle,18,Hebert
144,Léon,22,Voisinboeuf
145,Anouk,27,Saint Philippe
146,Luc,24,Mahe
147,Célina,24,Bouvet-les-Bains
148,Michelle,28,Lemoine
149,Jérôme,26,Saint Simone-sur-Mer
150,Agnès,27,LégerVille
151,Frédérique,27,Foucherboeuf
152,Édith,29,CouturierVille
153,Thomas,20,Daniel-la-Forêt
154,Denise,24,Roy
155,Thibault,18,Vasseur-sur-Marchal
156,Élise,21,Saint NathBourg
157,David,21,Julien
158,Gilles,22,Diallo
159,Alex,24,Pascal-sur-Lelièvre
160,Suzanne,24,Le GallVille
161,Robert,28,Pascal-sur-Chauveau
162,Yves,21,Robertnec
163,Christophe,24,Verdier
164,Cécile,28,Fouquet
165,Eugène,20,Guichard
166,Denise,23,Andre
167,Alexandre,29,Dijoux
168,Célina,19,Martel-sur-Rocher
169,Bernard,27,Gauthier
170,Jacques,26,Dupuis
171,Claudine,22,Fernandes
172,Brigitte,23,Boulay
173,Margaux,29,Gautier
174,Émilie,29,Aubert-sur-Mer
175,Bernard,29,Descamps-sur-Mer
176,Christophe,29,Sainte Laure
177,Célina,21,Kleinnec
178,Lucie,28,Saint Adèle-les-Bains
179,Julien,27,Sainte Astrid
180,Françoise,24,TeixeiraVille
181,Franck,29,Lefebvre
182,Lorraine,26,Guyot
183,Alphonse,24,Perez
184,Jérôme,18,Gilbert
185,Simone,18,Marchal-la-Forêt
186,Robert,26,Berger
187,Rémy,28,Delannoy
188,Thérèse,26,Sainte Thérèsenec
189,Paul,21,Germain-les-Bains
190,Michel,26,Dijoux-les-Bains
191,Nicolas,20,Henry
192,Madeleine,24,Bazin
193,Alice,23,Sainte Jacques-les-Bains
194,Sébastien,25,Le Gallboeuf
195,Raymond,28,Allain
196,Claude,26,Descamps
197,Victoire,22,Fournier
198,Édouard,18,Gay-la-Forêt
199,Léon,20,Chauvin
200,Christiane,27,Merle
201,Aurore,29,Pichonboeuf
202,Pierre,25,Sainte Benoîtdan
203,Alfred,28,Robin-sur-Thibault
204,Robert,23,Lebreton
205,Margot,25,Mace
206,Susanne,26,Gros
207,Gabrielle,21,Laurent
208,Colette,18,Sainte Olivier-sur-Mer
209,Aimé,18,Marin-sur-Lagarde
210,Anne,27,Barbierboeuf
211,Alexandria,21,Marin
212,Pierre,29,Boyer
213,Éléonore,24,Bazin-sur-Valentin
214,Michelle,19,Albert
215,Gilbert,20,Gosselin-sur-Mer
216,Jeanne,18,Sainte Juliennec
217,Michelle,22,Collet
218,Adélaïde,18,Breton
219,Laetitia,25,Raynaud
220,Alain,18,Gilles
221,Virginie,28,Mathieu-sur-Mer
222,Véronique,18,Andre-la-Forêt
223,Bernadette,19,Michaud
224,Benjamin,19,Benard
225,Céline,29,Fournier-sur-Seguin
226,Pénélope,23,Gonzalez
227,Gabrielle,24,DuboisBourg
228,Hélène,22,Saint Alice
229,Sébastien,18,Saint Bertrand-la-Forêt
230,Alexandre,18,Sainte Odette-sur-Mer
231,Louise,20,Marin
232,Valérie,19,Prévost
233,Clémence,22,NeveuVille
234,Jeanne,29,Marty
235,Nathalie,27,RuizVille
236,Aurélie,23,Saint Josette
237,David,24,Bèguenec
238,Thérèse,21,DavidVille
239,Anaïs,24,Rocherdan
240,Sylvie,28,Thibault-sur-Loiseau
241,Michelle,25,Delmas
242,Patricia,28,Saint ZoéVille
243,Georges,18,Caron-sur-Costa
244,Claire,23,Besnard
245,Dominique,25,Pauldan
246,Étienne,22,Fouquetdan
247,Gérard,21,Traore
248,Laure,19,MunozBourg
249,Claudine,23,Morel
250,Michelle,23,Sainte Michelleboeuf
251,Manon,28,Huet-sur-Olivier
252,Émile,18,Lemoine-la-Forêt
253,Guy,26,Morel
254,Caroline,29,Boutin-les-Bains
255,Hortense,28,Sainte Chantal
256,André,23,Bretonnec
257,Chantal,20,Bergerdan
258,André,21,Sainte Marine-les-Bains
259,Aurélie,29,Henry-les-Bains
260,Éric,28,Ferreira
261,Maurice,21,GaillardBourg
262,Léon,20,Pinto
263,Margot,27,Marchalnec
264,Éric,20,Joly-sur-Lacombe
265,Anne,20,Blanchard-sur-Blanc
266,Danielle,21,Saint Dominique
267,Nathalie,24,Sainte Paul-la-Forêt
268,Raymond,21,Rivière
269,Marc,26,Saint NathalieVille
270,Élodie,18,Grondin
271,Benjamin,25,Vidal
272,Christine,24,Grenier
273,Danielle,19,Masson
274,Laurent,25,Texier-sur-Thibault
275,Juliette,18,Sainte Michelle-la-Forêt
276,Roland,28,Boucher-les-Bains
277,Guy,29,Hernandez
278,Sabine,26,Bigot
279,Monique,26,Sainte Noémidan
280,Henriette,19,Sainte Véronique-les-Bains
281,Manon,24,Vidaldan
282,Philippine,27,Lamy
283,Timothée,20,BouvierBourg
284,Pénélope,24,Carondan
285,Constance,29,Simon
286,Jeanne,27,Blondel
287,Roger,26,Saint Alix
288,Tristan,21,Couturier
289,Emmanuel,29,Le Goff-sur-Loiseau
290,Lucie,18,Weber-sur-Bailly
291,Alain,19,LebretonBourg
292,Gilles,18,Saint Paul
293,Stéphanie,29,Charles
294,Michel,22,Sainte Alexandre
295,Michel,22,Jacquet
296,Aurore,28,De Oliveira-sur-Valette
297,Charles,24,Perrot
298,Juliette,26,Grondin-sur-Pons
299,Laurent,26,BessonBourg
300,Margaret,20,Chartier
301,Françoise,20,Salmon
302,Pierre,20,DurandBourg
303,Aimée,21,Richardboeuf
304,Nath,25,Lesage
305,Emmanuel,23,Pascalnec
306,Benoît,25,Saint Claude
307,Jules,18,Lopez
308,Gabrielle,25,Maillarddan
309,Josette,21,Masse-les-Bains
310,Roger,28,Bonnet-sur-Mahe
311,Pénélope,18,Robin-sur-Mer
312,Aimée,25,Saint Jeanninenec
313,Marguerite,21,Étienne
314,Danielle,23,Lefèvre
315,Corinne,25,Poirier
316,Renée,21,Blanchet-sur-Legrand
317,Sébastien,20,Texier
318,Dorothée,26,Macedan
319,Juliette,20,Collet
320,Océane,26,Brun
321,Margaux,19,Normand-sur-Peltier
322,Laure,19,Didier-les-Bains
323,Astrid,19,Vincent
324,Nathalie,23,Sainte Antoinette
325,Alfred,20,Saint Brigitte
326,Constance,26,Sainte Astridnec
327,Thérèse,21,Maillot-sur-Meyer
328,Maggie,18,Fontaine
329,Aurélie,21,Étienne
330,Jean,18,Saint PhilippineVille
331,Valérie,22,Dumas-sur-Mer
332,Françoise,21,Pineauboeuf
333,Amélie,25,Julien-sur-Mer
334,Jacques,25,Saint Pauline-les-Bains
335,Anouk,24,HervéVille
336,Michèle,20,Legros-les-Bains
337,Zacharie,18,Renault
338,William,18,Charrier
339,Margot,29,Roger
340,Richard,28,Lacombe-les-Bains
341,Lorraine,20,Lemonnier
342,Simone,23,Thierry-les-Bains
343,Clémence,24,Parent-sur-Raynaud
344,Bernadette,23,Lefortdan
345,David,23,Michaud
346,Nathalie,23,Pereira-la-Forêt
347,René,20,Buisson
348,Alfred,23,Saint Richard
349,Aimée,25,Leroy
350,Claudine,28,Moreau
351,Caroline,28,NeveuBourg
352,Constance,19,Sainte Denise
353,Sophie,22,Poirier-les-Bains
354,Bernadette,18,Albert
355,Anaïs,29,Gaudin
356,Suzanne,18,Bailly
357,Sophie,22,Bernarddan
358,Margaret,29,Rodriguez
359,Alain,20,Sainte MathildeVille
360,Olivie,21,Saint Carolineboeuf
361,Margaud,20,TecherBourg
362,Catherine,18,Beckerdan
363,Thierry,18,Carlier
364,Charles,29,Didierboeuf
365,Jérôme,29,Maréchal
366,Édith,22,Blondelboeuf
367,Charlotte,23,Barbeboeuf
368,Inès,20,Carredan
369,Geneviève,29,Poiriernec
370,Margaud,26,Moulin
371,Mathilde,22,Gallet
372,Pauline,25,Michaud
373,Célina,18,Lebreton
374,Audrey,22,Schneider-sur-Weber
375,Marine,20,Tessier
376,Claudine,29,Laporte
377,Émile,18,Pelletier
378,Jeannine,21,Guillon
379,Rémy,22,Prévost
380,Susanne,24,Weber-sur-Pasquier
381,Alfred,18,Da Silva
382,Martin,20,Fischerdan
383,Astrid,19,Clément-la-Forêt
384,Laetitia,26,Labbé
385,Émile,27,Paris
386,Diane,23,Alexandre
387,Monique,27,Saint Suzanne
388,Diane,20,GomesVille
389,Catherine,25,CohenBourg
390,Agnès,25,Saint André
391,Margaux,19,LabbéBourg
392,Arnaude,23,Merle
393,Manon,24,Navarro
394,Marguerite,19,Caron-sur-Lévy
395,Claire,28,Vasseur-sur-Mer
396,Olivier,27,ClémentVille
397,Georges,19,Sainte Jeannec
398,Christine,27,Traore-la-Forêt
399,Sabine,18,Saint Richard
400,Sabine,25,Saint Paulette
401,Pierre,18,Bègue
402,Inès,26,Henry
403,Louis,28,Noël-sur-Hubert
404,Denise,23,Raymond-la-Forêt
405,Patricia,24,Regnierboeuf
406,Adèle,27,Tanguy
407,Josette,24,Hubert
408,Alexandria,27,Sainte ÉmileVille
409,Camille,20,SimonBourg
410,Gabrielle,19,Lamy-sur-Mer
411,Hortense,26,Joly
412,Laure,25,Roussel-sur-Lemoine
413,Louis,29,Thibault
414,Laure,27,Sainte Margaret-sur-Mer
415,Guy,24,Torres-sur-Mer
416,Patricia,26,Bourgeois
417,Caroline,21,RoyBourg
418,Lucy,21,Saint Frédérique
419,Colette,18,PintoBourg
420,Roger,25,Leroy
421,Cécile,29,Roche
422,Alphonse,20,Leroy-sur-Mer
423,Bertrand,24,Da Costa
424,Olivier,29,Barbedan
425,René,19,Bruneau
426,Benjamin,19,AugerBourg
427,Nicole,24,Besson
428,Michelle,23,Ferrand
429,Claude,20,Jacques
430,Vincent,26,Lebreton-sur-Perez
431,Augustin,27,Moreno-sur-Mer
432,Théodore,23,Costa
433,Émilie,27,Legendre-sur-Mer
434,Simone,27,CouturierVille
435,Dominique,23,Sainte Madeleine-la-Forêt
436,Inès,18,Roche
437,Patricia,21,Breton
438,Jérôme,27,Payet
439,Raymond,23,Sainte Nathalie
440,Louise,23,Gimenezdan
441,Hugues,28,Ribeiroboeuf
442,Cécile,29,Leroy-sur-Leconte
443,Guillaume,22,Courtois-la-Forêt
444,Valentine,18,Deschamps-sur-Mer
445,Claude,25,Sainte Clémence
446,Anouk,22,Saint Margotboeuf
447,Thibault,29,Hardy
448,Olivie,29,Dupré-sur-Dijoux
449,Victoire,29,Neveu
450,Charlotte,22,Bruneaunec
451,Rémy,24,Vaillant-sur-Maillot
452,Luc,21,Faure-sur-Verdier
453,Marcelle,23,Pottier-la-Forêt
454,Honoré,21,Pasquier
455,André,20,Lombard-les-Bains
456,David,24,Petit-sur-Mer
457,René,25,Sainte Constance
458,Céline,21,Courtois
459,Adrien,19,Charpentier
460,Augustin,29,Legros-sur-Guibert
461,Patricia,27,ToussaintVille
462,Jeannine,20,Laine
463,Charles,18,Gaillard-sur-Morvan
464,Marguerite,25,Charrier
465,Stéphane,20,Marin
466,Margot,29,EvrardVille
467,Camille,27,Jourdan
468,Claude,24,Sainte Bernadettedan
469,Odette,27,Lesagenec
470,Susanne,22,Le Gall
471,Alfred,27,Saint LorraineBourg
472,Mathilde,22,MilletBourg
473,Stéphane,24,Chevallierdan
474,Claire,26,Allain-les-Bains
475,Adrien,29,Étienne-la-Forêt
476,Roger,22,Tanguy-sur-Roussel
477,Lucie,18,Gimenez-sur-Blanc
478,Alice,27,Bonnet
479,Xavier,27,Coulon
480,Maurice,18,Samson-sur-Bonnin
481,Sébastien,19,Torres
482,Roger,23,Gilles
483,Juliette,26,Sauvageboeuf
484,Éléonore,25,Mallet
485,Suzanne,22,Muller-sur-Costa
486,Édith,18,Traore
487,Honoré,24,Sainte Mathilde
488,Victor,22,Moulin
489,Catherine,23,Saint Margotdan
490,Alix,24,Bruneau-les-Bains
491,Anouk,20,Bonnet
492,Nicolas,29,Sainte Dianenec
493,Jérôme,27,Étienne
494,Marcel,20,Saint Édithnec
495,Pauline,22,Delorme-sur-Petitjean
496,Valentine,23,Petitjean
497,Paulette,26,Monniernec
498,Dominique,29,Diallo-sur-Mer
499,Victor,22,Monnier
500,Auguste,18,Saint Gérard-sur-Mer
501,Michelle,21,Saint Nath
502,Tristan,22,Thierry
503,Luce,29,Lemaître
504,Roger,27,Traore-sur-Carlier
505,Lucas,27,Pires
506,Marie,22,Poulaindan
507,Gérard,24,Laine
508,Nicolas,21,Fournier
509,Christine,18,Brundan
510,Brigitte,22,Saint Davidnec
511,Marcel,24,Garcia
512,Nathalie,27,Turpin-sur-Mer
513,Paulette,27,Saint Margaux-la-Forêt
514,Céline,23,AndreBourg
515,Philippine,22,Lemaire
516,Grégoire,21,Berthelot
517,Marcel,19,Guillaume
518,Élodie,21,Humbert
519,Zacharie,27,CosteBourg
520,Benjamin,27,Guyotboeuf
521,Marcelle,20,Saint Henri-les-Bains
522,Denise,27,Jacquot-la-Forêt
523,Sophie,18,Peltier-sur-Mer
524,Valérie,25,Durand
525,Denis,22,Sainte Joséphineboeuf
526,Denise,21,Paris
527,Lorraine,25,Leclercq
528,Hugues,24,François-la-Forêt
529,Isabelle,19,Da Costa
530,Dorothée,18,Fournier
531,Louis,29,Schneider
532,Léon,28,MullerBourg
533,Roger,21,Coulon
534,Arthur,25,Nguyen
535,Honoré,29,Bailly
536,Lorraine,19,Tanguy
537,Yves,20,BlanchetBourg
538,Juliette,29,Bonnin-la-Forêt
539,Gérard,18,Sainte Augustindan
540,Josette,18,Bigot
541,Sylvie,20,Deschampsboeuf
542,Élise,28,Ribeironec
543,Nicole,22,Benoit-sur-Mendès
544,Zoé,29,Bonnet
545,Eugène,20,Sainte Astrid-la-Forêt
546,Thibault,18,Saint Célina-les-Bains
547,François,18,MauryVille
548,Christiane,25,RuizVille
549,Bernard,27,Sainte Adriennedan
550,Pierre,28,Renaudnec
551,Timothée,29,Peltierboeuf
552,Laurence,29,Germain
553,Adélaïde,19,Saint JeannineVille
554,Alice,20,Sainte Luc-les-Bains
555,Marie,19,Poirier-la-Forêt
556,Laure,20,Roy
557,Frédérique,24,Gérardnec
558,Caroline,18,Ramosnec
559,Hélène,27,Lesage
560,Brigitte,25,Bernier-la-Forêt
561,Denise,27,Besson-la-Forêt
562,Étienne,27,BuissonBourg
563,Margot,27,Pinto-la-Forêt
564,Jean,19,Sainte ChristianeVille
565,Marine,20,Saint Vincent
566,Odette,26,Barthelemy-les-Bains
567,Mathilde,24,Saint AiméeVille
568,Augustin,21,Vidal
569,Louis,27,Brun
570,Antoine,22,Dupuis-sur-Chauveau
571,Julie,19,Benard
572,Luce,28,Rossi-sur-Mer
573,Hortense,25,Greniernec
574,Christine,21,ChrétienBourg
575,Océane,26,Ollivier
576,Claude,22,Rocher
577,Hugues,26,Sainte Thierry
578,Gilbert,21,PottierVille
579,Grégoire,27,Lenoirnec
580,Gilbert,22,Saint Louis-sur-Mer
581,Aimé,26,Henryboeuf
582,Louise,25,Carpentier-sur-Mer
583,Christelle,20,Charrier
584,Alfred,18,Chevalier
585,Astrid,20,Collin-sur-Mer
586,Gabrielle,21,Potier
587,Luce,19,Ramos-la-Forêt
588,Catherine,18,Besnard
589,Inès,24,Sainte Andrée-la-Forêt
590,Adrien,25,Regnier
591,Marcelle,24,Lefèvrenec
592,Henri,22,Lejeune
593,Benjamin,29,Sainte Matthieu
594,Léon,18,Hoareau
595,Michelle,24,Guibert
596,Andrée,24,Saint Anastasie
597,Anaïs,26,Pierre
598,Rémy,20,Dupuisboeuf
599,Odette,26,Sainte Guy-la-Forêt
600,Chantal,18,Allardboeuf
601,Nath,18,Gosselin
602,Brigitte,21,Giraud
603,Dorothée,26,Hoareau
604,Nathalie,23,Fleurynec
605,Noémi,28,BriandBourg
606,Agathe,20,Bertin-la-Forêt
607,Maggie,18,Saint MarcelBourg
608,Arnaude,21,Humbert
609,Patrick,29,Marques
610,Henri,26,Verdier
611,Bernard,20,Boulay
612,Robert,29,Pons
613,Amélie,26,Weiss
614,Bernard,24,PrévostVille
615,Anouk,29,GermainVille
616,Josette,21,Chevalier
617,Arthur,20,Roux-sur-Mer
618,Charles,27,Seguin
619,Benoît,22,Boutindan
620,Adrienne,22,Fouquetdan
621,Marthe,20,Reynec
622,Emmanuelle,29,Pinto-sur-Tanguy
623,Marc,26,Sainte Isabelle
624,Clémence,21,Martinez
625,Éric,28,Hamel
626,Anastasie,22,Morel-sur-Courtois
627,Christophe,21,Mercier
628,Célina,22,Huet
629,Christiane,24,Aubry-sur-Mer
630,Alain,26,Samson-la-Forêt
631,Adrienne,24,Imbert-sur-Roy
632,Marine,22,Moreau-sur-Mer
633,Margot,27,Martin
634,Laetitia,27,Hubert-sur-Hubert
635,René,24,PagesVille
636,Henriette,27,Lefèvre
637,William,22,Maréchal
638,Jacqueline,20,MarquesBourg
639,Valérie,24,Delorme-les-Bains
640,Alain,28,Joly
641,Gilles,28,BoutinBourg
642,Arnaude,19,Cohen-sur-Bodin
643,Claire,29,Laroche
644,Aurélie,26,Saint Denis-les-Bains
645,Jacqueline,27,MichelBourg
646,Monique,27,Saint Jules
647,Alix,29,Durand-sur-Mercier
648,Mathilde,18,Saint Constance
649,Julien,23,Gosselin
650,Tristan,24,Hubert
651,Clémence,25,Deschamps
652,Thibaut,27,Fouquet
653,Agathe,26,Fouquet
654,Laurent,19,David
655,Eugène,28,Vincent
656,Adrienne,27,Sainte Thomas
657,Jules,19,Saint Benjamin
658,Sabine,22,Moreno
659,Alexandrie,22,Vidal
660,François,23,Moreno
661,Auguste,20,MichelVille
662,Emmanuelle,25,Lemonnier-les-Bains
663,Frédéric,18,Saint Arthur
664,Maggie,23,Imbert-sur-Pichon
665,Hortense,21,Saint Étienne
666,Gabrielle,18,DialloVille
667,Benoît,24,Colin-sur-Thomas
668,Marguerite,26,Brunetdan
669,Henriette,21,De Oliveira
670,Éléonore,21,Saint Gilles
671,Étienne,23,Charpentier-sur-Lamy
672,Brigitte,29,Sainte Suzannenec
673,Alexandria,20,François
674,Catherine,29,Hoareau
675,Stéphanie,23,Huet-sur-Bouvier
676,Paulette,24,Saint Henriettenec
677,David,28,Morvan-sur-Mer
678,Jeannine,27,Besnard-sur-Humbert
679,Maryse,27,Millet-sur-Mer
680,Monique,20,Picard
681,Lorraine,24,Bouchetdan
682,Brigitte,20,Jourdan
683,Yves,19,Chartier-sur-Marchal
684,Nicolas,29,Didier-les-Bains
685,Nathalie,27,Bonnet-sur-Delorme
686,Julie,21,Saint Isabellenec
687,Suzanne,29,Sainte Victoire-la-Forêt
688,Amélie,25,Martin-les-Bains
689,Édith,26,Faure
690,Michelle,24,Lefebvre
691,Théophile,18,Chauvet-sur-Mer
692,Margot,20,Lambert-sur-Regnier
693,Éléonore,29,Marchal
694,Odette,26,Hervéboeuf
695,Adrien,29,Baron
696,Stéphane,18,Lombard-sur-Nicolas
697,Arnaude,26,Benoit
698,Nathalie,25,Le Goff-les-Bains
699,Alexandre,18,Roche
700,Vincent,23,Macenec
701,Patricia,22,Saint Vincent-la-Forêt
702,Honoré,23,Saint Simone
703,Josette,27,Reynaud
704,Émilie,29,Sainte Clémence
705,Laure,22,Boulanger
706,Michelle,23,Barre
707,Valérie,22,Techer
708,Auguste,28,Saint FrançoisBourg
709,Michèle,29,Philippe
710,Lucas,22,Bigot-sur-Thomas
711,Thibault,21,Marty-la-Forêt
712,Susan,20,NoëlBourg
713,Valérie,20,Saint Grégoire
714,Susanne,21,Perrotboeuf
715,Bernard,26,Alves-sur-Bonneau
716,Dominique,19,Legros
717,Adélaïde,26,Renault
718,Bernadette,18,Texier-les-Bains
719,Frédérique,18,Coulon-la-Forêt
720,Susanne,22,Lainedan
721,Margot,23,Benard-sur-Laine
722,Jean,23,Legendre-sur-Jacob
723,Alix,20,Saint Élise-sur-Mer
724,Grégoire,24,Roydan
725,Hortense,26,Saint Raymond-la-Forêt
726,Aimée,28,TeixeiraBourg
727,Grégoire,29,Saint ChantalVille
728,Adrien,27,Berthelot-la-Forêt
729,Yves,25,Nicolas
730,Grégoire,23,Sainte André
731,Suzanne,29,Michel-sur-Marchand
732,Alain,25,Sainte Benoît
733,Françoise,29,Bègue
734,Alain,22,Pruvost
735,Margot,25,Sainte Roger
736,Lucie,27,Saint Brigitte-les-Bains
737,Amélie,29,Saint NathalieVille
738,Alix,21,Pottier
739,Marine,27,Saint Alice
740,Chantal,25,Saint Daniel
741,Hugues,27,Ruizboeuf
742,Charles,29,Bousquet
743,Anouk,19,Lagarde
744,Nathalie,29,Saint Jules
745,Marcel,29,RossiVille
746,Alex,22,Maillard-sur-Guyon
747,Cécile,26,Milletdan
748,Antoine,21,Martins-sur-Vallée
749,Maurice,28,Sainte Gabrieldan
750,Henri,23,Barre
751,Agnès,18,Maréchal-la-Forêt
752,Lucy,26,Regnier-sur-Jourdan
753,Diane,18,Garnier-la-Forêt
754,Valentine,22,BeckerVille
755,Jules,21,Lejeune
756,Eugène,29,Saint JeanVille
757,Thierry,20,Tanguy
758,Alexandrie,23,Saint Édouard-la-Forêt
759,Gilles,19,Lebrun
760,Inès,20,Moulin
761,Jérôme,22,Legendre
762,Charlotte,26,Sainte Susandan
763,Jeanne,19,Marques
764,Marcel,27,Saint Franck-la-Forêt
765,Claudine,25,Boulay
766,Diane,19,Saint LouiseVille
767,Cécile,28,Rossi
768,Denis,22,Léger
769,Jeannine,24,Sainte Roland
770,Manon,25,Pons-sur-Chartier
771,Laurence,18,Moulin-sur-Duval
772,Adélaïde,23,Benoit
773,Inès,18,Morin-sur-Texier
774,Jeanne,19,Roy
775,Patrick,18,Sainte Hugues
776,Adrien,28,Dijouxboeuf
777,Constance,22,Boucher
778,Louise,27,Pagesnec
779,Stéphanie,26,Blanchard
780,Adrien,23,Barondan
781,Laetitia,28,Mathieu-la-Forêt
782,Stéphane,28,Marques
783,Stéphane,18,Diaz
784,Roger,18,Vincent-les-Bains
785,Odette,19,Saint Inès
786,Frédéric,26,Mendèsboeuf
787,Emmanuelle,20,Legrand-sur-Deschamps
788,Laure,18,Joly
789,Marie,22,Dumontnec
790,Charles,24,Adam-sur-Mer
791,Isabelle,23,Germaindan
792,Luce,29,Pascalnec
793,Michèle,18,Royer
794,Noémi,22,Saint Georges-la-Forêt
795,Marie,22,Jourdan-sur-Rocher
796,Susanne,23,BarreVille
797,Benoît,20,Pages-les-Bains
798,Gabrielle,22,Sainte Vincent
799,Gabriel,24,Morin
800,Bernadette,22,Verdier
801,Christelle,22,Mahe
802,Océane,22,Legendre-sur-Louis
803,Marcelle,27,Ollivier
804,Constance,27,Sainte Auguste
805,Gilbert,20,Saint HuguesVille
806,Auguste,18,Perret-sur-Mer
807,Laetitia,22,Saint Jacques-la-Forêt
808,Théodore,26,Bodin-les-Bains
809,Maggie,18,Bouchernec
810,Thibaut,20,Sainte Marguerite-les-Bains
811,Maggie,21,Saint Madeleinenec
812,Margaux,18,Rolland
813,Bertrand,18,Hardydan
814,Alain,25,CosteBourg
815,André,19,Toussaint-la-Forêt
816,Louis,29,GomezBourg
817,Émile,25,Chartier-sur-Fontaine
818,Michelle,24,Dufour
819,Adèle,27,Barbier
820,Victoire,27,Grenier-sur-Lemonnier
821,René,19,Sainte FrédériqueBourg
822,Grégoire,23,Saint Océane
823,Jacqueline,23,Barbe
824,François,20,RousselBourg
825,Lucas,28,Cousin
826,Stéphane,19,Barthelemy
827,Anouk,29,Delattre
828,Stéphane,18,Clément-la-Forêt
829,Rémy,23,Saint Léon-la-Forêt
830,Gabriel,29,Saint Constance-la-Forêt
831,Josette,22,Saint Gilbert-les-Bains
832,Hugues,28,Blancdan
833,Pierre,26,Bonnet
834,Henri,18,MaheVille
835,Josette,24,Pasquier
836,Benoît,22,Pelletier-sur-Ribeiro
837,Thomas,22,Sainte LorraineVille
838,Émile,19,Gros-la-Forêt
839,Étienne,28,Hoarau
840,Josette,20,Dijoux
841,Louise,24,Baudry-sur-Mer
842,Christine,23,Saint Jérôme
843,Marguerite,29,Mahe-sur-Mer
844,Pierre,19,Sainte Suzanne
845,Eugène,23,Sainte Valentineboeuf
846,Manon,19,Besnard
847,Diane,19,Sainte Claudine-la-Forêt
848,Pierre,19,Saint Victoire
849,Célina,28,Sainte Marcel-la-Forêt
850,Marie,20,Saint RobertBourg
851,Joseph,19,Thierry-sur-Lopes
852,Isabelle,21,Blin
853,Marianne,26,Poirierdan
854,Gilbert,23,Boyer
855,William,18,Guibert
856,Édouard,25,Pasquier-sur-Marin
857,Odette,29,Robinboeuf
858,Hélène,24,Bazin
859,Charles,27,Gaudin
860,Roland,20,Blanc
861,Frédéric,18,Lebon
862,Hélène,22,Valette-les-Bains
863,Hélène,21,Lemoine-sur-Grondin
864,Camille,27,Carpentierboeuf
865,Luce,25,Courtoisnec
866,Nathalie,18,Saint Véroniquedan
867,Alexandria,27,Fernandez
868,Agnès,18,Duhamel-la-Forêt
869,Honoré,29,Blanchet
870,Michel,21,Meunier
871,Patrick,25,Sainte Alix
872,René,22,Guillondan
873,Matthieu,19,Chartier
874,Denise,23,MailletVille
875,Gabrielle,22,Guyon
876,Alexandria,19,Becker
877,Marine,28,Sainte Adrien-les-Bains
878,Laurence,28,Gomezboeuf
879,Diane,28,Perez
880,Lucy,20,Verdierdan
881,André,26,Boulay
882,Patrick,24,Sainte Thibault-la-Forêt
883,Emmanuel,24,LagardeBourg
884,Océane,28,Grondin
885,Richard,23,Jacquesboeuf
886,Odette,25,Sainte SabineVille
887,Laetitia,21,Saint Nathalie-la-Forêt
888,Frédéric,25,Saint Maurice
889,Sabine,21,Marquesdan
890,Théodore,25,Saint Danielle
891,Jean,26,Le Gall
892,Danielle,20,Saint Océaneboeuf
893,Aurélie,20,Gallet
894,Emmanuel,28,RoussetBourg
895,Noémi,19,Delaunay
896,Christelle,27,Saint OcéaneVille
897,Yves,20,Poiriernec
898,Victoire,20,Marques
899,Alain,22,MartinVille
900,Margaret,22,Alvesnec
901,Stéphane,19,Grondin
902,Françoise,29,Munoz
903,Michel,27,Millet-la-Forêt
904,Jacqueline,23,Turpin
905,Louis,22,Bonnet
906,Martine,23,Sainte Caroline
907,Aimée,18,Saint Robert
908,Chantal,22,Pottierdan
909,Élisabeth,26,Seguin-sur-Mer
910,Pauline,29,Bernard-la-Forêt
911,Julie,27,Gaudin
912,Roland,19,Teixeira
913,Suzanne,18,Mace-les-Bains
914,Thierry,27,Charrierdan
915,Xavier,28,FernandezVille
916,Grégoire,26,Maillotdan
917,Camille,27,Grenier
918,Margaud,26,Girard-sur-Charpentier
919,Richard,26,Millet-la-Forêt
920,Frédéric,23,Bernier
921,Agathe,25,Dias
922,Renée,28,Saint Honoré
923,Agnès,18,Guérin
924,Agnès,27,Masson
925,Stéphanie,21,Prévost
926,Honoré,18,Rocher
927,Augustin,25,Dupré
928,Georges,18,Guillotnec
929,Marthe,20,Saint Luc
930,Zacharie,21,Clercdan
931,Alix,25,Sainte Jeannine
932,Marianne,23,Sainte JosephVille
933,Julien,27,DenisVille
934,Stéphanie,29,Saint Christiane-sur-Mer
935,Dominique,24,Gilles-sur-Lucas
936,Arnaude,25,Vallée
937,Nathalie,19,Girard
938,Colette,27,Meunier
939,Amélie,28,Sainte Valentine
940,Philippe,25,Lévy
941,Guy,20,Michaud-la-Forêt
942,Arthur,24,LagardeVille
943,Margaud,20,Ruiz
944,Marthe,24,Monnier
945,Isabelle,28,Dumas
946,Eugène,29,Bouvier
947,Isabelle,19,MenardBourg
948,Michelle,27,Pierre
949,Zacharie,23,Hoareau
950,Lucy,20,Leleu
951,Hortense,20,Dubois
952,Sylvie,26,Royer
953,Inès,24,Lelièvre
954,Aimée,22,Sainte Élisabeth
955,Véronique,29,Mercier
956,Clémence,27,Jacob-sur-Mer
957,Michel,24,Saint Virginiedan
958,Aurélie,26,Goncalves-sur-Mer
959,Élise,18,Grenier
960,Diane,24,Benoitnec
961,Raymond,23,Blanchard-sur-Regnier
962,Victoire,27,Allain-sur-Lemaire
963,Virginie,29,Collin-la-Forêt
964,Célina,26,Marion
965,Agathe,18,Gérard-sur-Chrétien
966,Alice,21,Sainte Laetitia
967,Nathalie,26,Le Goffdan
968,Dominique,21,Breton-sur-Mer
969,Adrienne,27,Goncalves
970,Adrienne,20,Dubois-les-Bains
971,Andrée,26,Saint Andrée
972,Alexandrie,19,Lemoine-sur-Normand
973,Isaac,21,Lefèvrenec
974,Alexandrie,23,Sainte Raymond-les-Bains
975,Émile,19,Blondel
976,Thierry,25,Pinto-sur-Vallée
977,Inès,25,Letellier
978,Laurence,18,Sainte Mauricenec
979,Maurice,29,Gomez
980,Alix,20,Saint Élise
981,Hortense,27,Gosselindan
982,Jeannine,26,Cousin-sur-Morvan
983,Margaud,22,Morin
984,Adélaïde,23,Rouxboeuf
985,Margaux,21,Sainte Catherine
986,Henri,27,Guérin-sur-Mer
987,Luce,19,Sainte Georges
988,Lorraine,28,Gomes-les-Bains
989,Roland,25,Saint Zacharie
990,Richard,28,Morvan
991,Aimé,23,Rolland
992,Lucie,22,Saint Corinnedan
993,Gérard,26,Morel
994,Capucine,18,Saint Marianne
995,Astrid,22,FouquetBourg
996,Olivier,23,LeroyBourg
997,Danielle,22,Torres
998,Jeanne,23,Saint Luce-les-Bains
999,Luce,23,Blanchard-sur-Ferrand
1000,Honoré,24,Guichard
